Muc Tieu,Nganh Nghe,So Thich,Trinh Do AI,Khoa Hoc Goi Y
Học AI ứng dụng,Nghệ thuật,Ưa sáng tạo,Chưa biết gì,"ChatGPT, Midjourney và AI"
Cải thiện giao tiếp,Kinh doanh,Ưa sáng tạo,Biết cơ bản,Giao Tiếp Hiệu Quả
Cải thiện giao tiếp,Marketing,Ưa sáng tạo,Chưa biết gì,Giao Tiếp Hiệu Quả
Nâng cao đàm phán,Marketing,Thích lý thuyết,Biết cơ bản,Bí Mật Đàm Phán
Nâng cao đàm phán,Nghệ thuật,Phân tích logic,Biết cơ bản,Bí Mật Đàm Phán
Cải thiện giao tiếp,Nghệ thuật,Phân tích logic,Chưa biết gì,Giao Tiếp Hiệu Quả
Học AI ứng dụng,Nghệ thuật,Thích kể chuyện,Chưa biết gì,"ChatGPT, Midjourney và AI"
Nâng cao đàm phán,Marketing,Thích thực hành,Biết cơ bản,Bí Mật Đàm Phán
Học AI ứng dụng,Kinh doanh,Ưa sáng tạo,Ứng dụng thành thạo,"ChatGPT, Midjourney và AI"
Tăng sự tự tin nói chuyện,Kinh doanh,Thích thực hành,Ứng dụng thành thạo,Giọng Nói Truyền Cảm
Cải thiện giao tiếp,Nghệ thuật,Thích kể chuyện,Ứng dụng thành thạo,Giao Tiếp Hiệu Quả
Học AI ứng dụng,Marketing,Ưa sáng tạo,Ứng dụng thành thạo,"ChatGPT, Midjourney và AI"
Nâng cao đàm phán,Kinh doanh,Thích lý thuyết,Ứng dụng thành thạo,Bí Mật Đàm Phán
Tăng sự tự tin nói chuyện,Nghệ thuật,Thích kể chuyện,Chưa biết gì,Giọng Nói Truyền Cảm
Tăng sự tự tin nói chuyện,Công nghệ,Phân tích logic,Chưa biết gì,Giọng Nói Truyền Cảm
Cải thiện giao tiếp,Marketing,Thích lý thuyết,Chưa biết gì,Giao Tiếp Hiệu Quả
Cải thiện giao tiếp,Nghệ thuật,Thích thực hành,Ứng dụng thành thạo,Giao Tiếp Hiệu Quả
Kể chuyện lôi cuốn,Giáo dục,Ưa sáng tạo,Ứng dụng thành thạo,Nghệ Thuật Kể Chuyện
Cải thiện giao tiếp,Giáo dục,Thích thực hành,Chưa biết gì,Giao Tiếp Hiệu Quả
Học AI ứng dụng,Công nghệ,Ưa sáng tạo,Ứng dụng thành thạo,"ChatGPT, Midjourney và AI"
Tăng sự tự tin nói chuyện,Giáo dục,Ưa sáng tạo,Ứng dụng thành thạo,Giọng Nói Truyền Cảm
Tăng sự tự tin nói chuyện,Công nghệ,Phân tích logic,Ứng dụng thành thạo,Giọng Nói Truyền Cảm
Kể chuyện lôi cuốn,Kinh doanh,Thích lý thuyết,Chưa biết gì,Nghệ Thuật Kể Chuyện
Học AI ứng dụng,Marketing,Phân tích logic,Chưa biết gì,"ChatGPT, Midjourney và AI"
Tăng sự tự tin nói chuyện,Giáo dục,Thích lý thuyết,Chưa biết gì,Giọng Nói Truyền Cảm
Cải thiện giao tiếp,Công nghệ,Thích kể chuyện,Chưa biết gì,Giao Tiếp Hiệu Quả
Tăng sự tự tin nói chuyện,Marketing,Thích thực hành,Biết cơ bản,Giọng Nói Truyền Cảm
Nâng cao đàm phán,Nghệ thuật,Ưa sáng tạo,Ứng dụng thành thạo,Bí Mật Đàm Phán
Nâng cao đàm phán,Nghệ thuật,Ưa sáng tạo,Ứng dụng thành thạo,Bí Mật Đàm Phán
Cải thiện giao tiếp,Marketing,Thích thực hành,Ứng dụng thành thạo,Giao Tiếp Hiệu Quả
Tăng sự tự tin nói chuyện,Công nghệ,Thích thực hành,Chưa biết gì,Giọng Nói Truyền Cảm
Học AI ứng dụng,Công nghệ,Thích thực hành,Ứng dụng thành thạo,"ChatGPT, Midjourney và AI"
Học AI ứng dụng,Marketing,Ưa sáng tạo,Chưa biết gì,"ChatGPT, Midjourney và AI"
Cải thiện giao tiếp,Kinh doanh,Thích thực hành,Chưa biết gì,Giao Tiếp Hiệu Quả
Nâng cao đàm phán,Marketing,Phân tích logic,Chưa biết gì,Bí Mật Đàm Phán
Học AI ứng dụng,Marketing,Ưa sáng tạo,Chưa biết gì,"ChatGPT, Midjourney và AI"
Nâng cao đàm phán,Nghệ thuật,Thích kể chuyện,Chưa biết gì,Bí Mật Đàm Phán
Nâng cao đàm phán,Nghệ thuật,Phân tích logic,Chưa biết gì,Bí Mật Đàm Phán
Tăng sự tự tin nói chuyện,Giáo dục,Thích lý thuyết,Ứng dụng thành thạo,Giọng Nói Truyền Cảm
Tăng sự tự tin nói chuyện,Marketing,Thích kể chuyện,Ứng dụng thành thạo,Giọng Nói Truyền Cảm
Kể chuyện lôi cuốn,Nghệ thuật,Thích lý thuyết,Chưa biết gì,Nghệ Thuật Kể Chuyện
Cải thiện giao tiếp,Nghệ thuật,Thích kể chuyện,Chưa biết gì,Giao Tiếp Hiệu Quả
Cải thiện giao tiếp,Kinh doanh,Thích thực hành,Ứng dụng thành thạo,Giao Tiếp Hiệu Quả
Nâng cao đàm phán,Kinh doanh,Thích thực hành,Ứng dụng thành thạo,Bí Mật Đàm Phán
Tăng sự tự tin nói chuyện,Marketing,Thích thực hành,Ứng dụng thành thạo,Giọng Nói Truyền Cảm
Kể chuyện lôi cuốn,Nghệ thuật,Thích lý thuyết,Ứng dụng thành thạo,Nghệ Thuật Kể Chuyện
Tăng sự tự tin nói chuyện,Marketing,Thích thực hành,Chưa biết gì,Giọng Nói Truyền Cảm
Cải thiện giao tiếp,Công nghệ,Phân tích logic,Ứng dụng thành thạo,Giao Tiếp Hiệu Quả
Cải thiện giao tiếp,Marketing,Thích lý thuyết,Chưa biết gì,Giao Tiếp Hiệu Quả
Nâng cao đàm phán,Công nghệ,Thích lý thuyết,Chưa biết gì,Bí Mật Đàm Phán
Kể chuyện lôi cuốn,Giáo dục,Thích kể chuyện,Biết cơ bản,Nghệ Thuật Kể Chuyện
Cải thiện giao tiếp,Marketing,Phân tích logic,Ứng dụng thành thạo,Giao Tiếp Hiệu Quả
Tăng sự tự tin nói chuyện,Giáo dục,Thích kể chuyện,Ứng dụng thành thạo,Giọng Nói Truyền Cảm
Cải thiện giao tiếp,Marketing,Thích kể chuyện,Biết cơ bản,Giao Tiếp Hiệu Quả
Học AI ứng dụng,Marketing,Thích lý thuyết,Ứng dụng thành thạo,"ChatGPT, Midjourney và AI"
Cải thiện giao tiếp,Nghệ thuật,Thích thực hành,Chưa biết gì,Giao Tiếp Hiệu Quả
Cải thiện giao tiếp,Nghệ thuật,Thích lý thuyết,Biết cơ bản,Giao Tiếp Hiệu Quả
Cải thiện giao tiếp,Công nghệ,Thích kể chuyện,Chưa biết gì,Giao Tiếp Hiệu Quả
Kể chuyện lôi cuốn,Nghệ thuật,Ưa sáng tạo,Chưa biết gì,Nghệ Thuật Kể Chuyện
Cải thiện giao tiếp,Marketing,Thích kể chuyện,Ứng dụng thành thạo,Giao Tiếp Hiệu Quả
Cải thiện giao tiếp,Công nghệ,Thích thực hành,Chưa biết gì,Giao Tiếp Hiệu Quả
Kể chuyện lôi cuốn,Marketing,Thích thực hành,Biết cơ bản,Nghệ Thuật Kể Chuyện
Nâng cao đàm phán,Giáo dục,Thích thực hành,Biết cơ bản,Bí Mật Đàm Phán
Học AI ứng dụng,Giáo dục,Phân tích logic,Chưa biết gì,"ChatGPT, Midjourney và AI"
Cải thiện giao tiếp,Marketing,Phân tích logic,Biết cơ bản,Giao Tiếp Hiệu Quả
Tăng sự tự tin nói chuyện,Công nghệ,Phân tích logic,Ứng dụng thành thạo,Giọng Nói Truyền Cảm
Học AI ứng dụng,Giáo dục,Thích kể chuyện,Chưa biết gì,"ChatGPT, Midjourney và AI"
Tăng sự tự tin nói chuyện,Kinh doanh,Thích lý thuyết,Biết cơ bản,Giọng Nói Truyền Cảm
Nâng cao đàm phán,Nghệ thuật,Phân tích logic,Chưa biết gì,Bí Mật Đàm Phán
Kể chuyện lôi cuốn,Công nghệ,Phân tích logic,Biết cơ bản,Nghệ Thuật Kể Chuyện
Tăng sự tự tin nói chuyện,Nghệ thuật,Thích thực hành,Biết cơ bản,Giọng Nói Truyền Cảm
Tăng sự tự tin nói chuyện,Nghệ thuật,Phân tích logic,Chưa biết gì,Giọng Nói Truyền Cảm
Tăng sự tự tin nói chuyện,Nghệ thuật,Ưa sáng tạo,Biết cơ bản,Giọng Nói Truyền Cảm
Kể chuyện lôi cuốn,Giáo dục,Thích thực hành,Ứng dụng thành thạo,Nghệ Thuật Kể Chuyện
Học AI ứng dụng,Kinh doanh,Ưa sáng tạo,Chưa biết gì,"ChatGPT, Midjourney và AI"
Kể chuyện lôi cuốn,Công nghệ,Ưa sáng tạo,Ứng dụng thành thạo,Nghệ Thuật Kể Chuyện
Cải thiện giao tiếp,Kinh doanh,Ưa sáng tạo,Chưa biết gì,Giao Tiếp Hiệu Quả
Học AI ứng dụng,Giáo dục,Phân tích logic,Chưa biết gì,"ChatGPT, Midjourney và AI"
Nâng cao đàm phán,Marketing,Phân tích logic,Ứng dụng thành thạo,Bí Mật Đàm Phán
Học AI ứng dụng,Kinh doanh,Phân tích logic,Chưa biết gì,"ChatGPT, Midjourney và AI"
Tăng sự tự tin nói chuyện,Nghệ thuật,Ưa sáng tạo,Biết cơ bản,Giọng Nói Truyền Cảm
Học AI ứng dụng,Nghệ thuật,Phân tích logic,Chưa biết gì,"ChatGPT, Midjourney và AI"
Cải thiện giao tiếp,Công nghệ,Thích thực hành,Biết cơ bản,Giao Tiếp Hiệu Quả
Kể chuyện lôi cuốn,Công nghệ,Phân tích logic,Biết cơ bản,Nghệ Thuật Kể Chuyện
Cải thiện giao tiếp,Kinh doanh,Thích thực hành,Biết cơ bản,Giao Tiếp Hiệu Quả
Tăng sự tự tin nói chuyện,Kinh doanh,Thích kể chuyện,Ứng dụng thành thạo,Giọng Nói Truyền Cảm
Học AI ứng dụng,Công nghệ,Thích lý thuyết,Ứng dụng thành thạo,"ChatGPT, Midjourney và AI"
Học AI ứng dụng,Kinh doanh,Thích lý thuyết,Ứng dụng thành thạo,"ChatGPT, Midjourney và AI"
Nâng cao đàm phán,Marketing,Phân tích logic,Chưa biết gì,Bí Mật Đàm Phán
Nâng cao đàm phán,Kinh doanh,Thích lý thuyết,Chưa biết gì,Bí Mật Đàm Phán
Tăng sự tự tin nói chuyện,Nghệ thuật,Phân tích logic,Ứng dụng thành thạo,Giọng Nói Truyền Cảm
Học AI ứng dụng,Nghệ thuật,Phân tích logic,Biết cơ bản,"ChatGPT, Midjourney và AI"
Học AI ứng dụng,Kinh doanh,Phân tích logic,Biết cơ bản,"ChatGPT, Midjourney và AI"
Kể chuyện lôi cuốn,Kinh doanh,Thích thực hành,Biết cơ bản,Nghệ Thuật Kể Chuyện
Kể chuyện lôi cuốn,Kinh doanh,Thích lý thuyết,Biết cơ bản,Nghệ Thuật Kể Chuyện
Cải thiện giao tiếp,Giáo dục,Phân tích logic,Ứng dụng thành thạo,Giao Tiếp Hiệu Quả
Cải thiện giao tiếp,Nghệ thuật,Phân tích logic,Chưa biết gì,Giao Tiếp Hiệu Quả
Nâng cao đàm phán,Nghệ thuật,Phân tích logic,Biết cơ bản,Bí Mật Đàm Phán
Kể chuyện lôi cuốn,Nghệ thuật,Phân tích logic,Ứng dụng thành thạo,Nghệ Thuật Kể Chuyện
Kể chuyện lôi cuốn,Kinh doanh,Ưa sáng tạo,Biết cơ bản,Nghệ Thuật Kể Chuyện
Kể chuyện lôi cuốn,Giáo dục,Thích lý thuyết,Biết cơ bản,Nghệ Thuật Kể Chuyện
Kể chuyện lôi cuốn,Giáo dục,Thích thực hành,Biết cơ bản,Nghệ Thuật Kể Chuyện
Kể chuyện lôi cuốn,Công nghệ,Ưa sáng tạo,Ứng dụng thành thạo,Nghệ Thuật Kể Chuyện
Kể chuyện lôi cuốn,Marketing,Thích thực hành,Biết cơ bản,Nghệ Thuật Kể Chuyện
Cải thiện giao tiếp,Kinh doanh,Thích lý thuyết,Chưa biết gì,Giao Tiếp Hiệu Quả
Nâng cao đàm phán,Công nghệ,Thích kể chuyện,Biết cơ bản,Bí Mật Đàm Phán
Tăng sự tự tin nói chuyện,Marketing,Phân tích logic,Ứng dụng thành thạo,Giọng Nói Truyền Cảm
Kể chuyện lôi cuốn,Marketing,Thích lý thuyết,Chưa biết gì,Nghệ Thuật Kể Chuyện
Kể chuyện lôi cuốn,Nghệ thuật,Thích kể chuyện,Ứng dụng thành thạo,Nghệ Thuật Kể Chuyện
Kể chuyện lôi cuốn,Công nghệ,Phân tích logic,Ứng dụng thành thạo,Nghệ Thuật Kể Chuyện
Kể chuyện lôi cuốn,Nghệ thuật,Ưa sáng tạo,Biết cơ bản,Nghệ Thuật Kể Chuyện
Nâng cao đàm phán,Marketing,Thích lý thuyết,Biết cơ bản,Bí Mật Đàm Phán
Cải thiện giao tiếp,Công nghệ,Thích lý thuyết,Ứng dụng thành thạo,Giao Tiếp Hiệu Quả
Tăng sự tự tin nói chuyện,Marketing,Thích lý thuyết,Ứng dụng thành thạo,Giọng Nói Truyền Cảm
Cải thiện giao tiếp,Marketing,Ưa sáng tạo,Ứng dụng thành thạo,Giao Tiếp Hiệu Quả
Tăng sự tự tin nói chuyện,Nghệ thuật,Thích lý thuyết,Ứng dụng thành thạo,Giọng Nói Truyền Cảm
Kể chuyện lôi cuốn,Nghệ thuật,Thích thực hành,Ứng dụng thành thạo,Nghệ Thuật Kể Chuyện
Kể chuyện lôi cuốn,Công nghệ,Thích thực hành,Chưa biết gì,Nghệ Thuật Kể Chuyện
Học AI ứng dụng,Công nghệ,Thích thực hành,Biết cơ bản,"ChatGPT, Midjourney và AI"
Tăng sự tự tin nói chuyện,Kinh doanh,Thích thực hành,Biết cơ bản,Giọng Nói Truyền Cảm
Cải thiện giao tiếp,Kinh doanh,Thích thực hành,Chưa biết gì,Giao Tiếp Hiệu Quả
Nâng cao đàm phán,Kinh doanh,Ưa sáng tạo,Ứng dụng thành thạo,Bí Mật Đàm Phán
Cải thiện giao tiếp,Công nghệ,Thích kể chuyện,Chưa biết gì,Giao Tiếp Hiệu Quả
Cải thiện giao tiếp,Giáo dục,Thích thực hành,Biết cơ bản,Giao Tiếp Hiệu Quả
Học AI ứng dụng,Nghệ thuật,Phân tích logic,Chưa biết gì,"ChatGPT, Midjourney và AI"
Cải thiện giao tiếp,Kinh doanh,Thích kể chuyện,Biết cơ bản,Giao Tiếp Hiệu Quả
Học AI ứng dụng,Công nghệ,Thích lý thuyết,Chưa biết gì,"ChatGPT, Midjourney và AI"
Kể chuyện lôi cuốn,Nghệ thuật,Phân tích logic,Biết cơ bản,Nghệ Thuật Kể Chuyện
Học AI ứng dụng,Nghệ thuật,Ưa sáng tạo,Biết cơ bản,"ChatGPT, Midjourney và AI"
Kể chuyện lôi cuốn,Kinh doanh,Thích lý thuyết,Ứng dụng thành thạo,Nghệ Thuật Kể Chuyện
Kể chuyện lôi cuốn,Giáo dục,Phân tích logic,Ứng dụng thành thạo,Nghệ Thuật Kể Chuyện
Tăng sự tự tin nói chuyện,Marketing,Thích thực hành,Ứng dụng thành thạo,Giọng Nói Truyền Cảm
Cải thiện giao tiếp,Marketing,Phân tích logic,Ứng dụng thành thạo,Giao Tiếp Hiệu Quả
Kể chuyện lôi cuốn,Kinh doanh,Thích lý thuyết,Ứng dụng thành thạo,Nghệ Thuật Kể Chuyện
Tăng sự tự tin nói chuyện,Marketing,Thích kể chuyện,Biết cơ bản,Giọng Nói Truyền Cảm
Cải thiện giao tiếp,Nghệ thuật,Ưa sáng tạo,Chưa biết gì,Giao Tiếp Hiệu Quả
Cải thiện giao tiếp,Marketing,Ưa sáng tạo,Ứng dụng thành thạo,Giao Tiếp Hiệu Quả
Học AI ứng dụng,Nghệ thuật,Thích lý thuyết,Chưa biết gì,"ChatGPT, Midjourney và AI"
Nâng cao đàm phán,Giáo dục,Ưa sáng tạo,Ứng dụng thành thạo,Bí Mật Đàm Phán
Kể chuyện lôi cuốn,Marketing,Phân tích logic,Ứng dụng thành thạo,Nghệ Thuật Kể Chuyện
Kể chuyện lôi cuốn,Nghệ thuật,Ưa sáng tạo,Chưa biết gì,Nghệ Thuật Kể Chuyện
Cải thiện giao tiếp,Công nghệ,Thích lý thuyết,Biết cơ bản,Giao Tiếp Hiệu Quả
Kể chuyện lôi cuốn,Kinh doanh,Phân tích logic,Biết cơ bản,Nghệ Thuật Kể Chuyện
Nâng cao đàm phán,Marketing,Thích lý thuyết,Chưa biết gì,Bí Mật Đàm Phán
Tăng sự tự tin nói chuyện,Marketing,Thích kể chuyện,Biết cơ bản,Giọng Nói Truyền Cảm
Tăng sự tự tin nói chuyện,Nghệ thuật,Thích kể chuyện,Biết cơ bản,Giọng Nói Truyền Cảm
Cải thiện giao tiếp,Kinh doanh,Ưa sáng tạo,Biết cơ bản,Giao Tiếp Hiệu Quả
Nâng cao đàm phán,Công nghệ,Thích kể chuyện,Biết cơ bản,Bí Mật Đàm Phán
Cải thiện giao tiếp,Kinh doanh,Phân tích logic,Biết cơ bản,Giao Tiếp Hiệu Quả
Học AI ứng dụng,Công nghệ,Phân tích logic,Ứng dụng thành thạo,"ChatGPT, Midjourney và AI"
Học AI ứng dụng,Marketing,Phân tích logic,Ứng dụng thành thạo,"ChatGPT, Midjourney và AI"
Cải thiện giao tiếp,Kinh doanh,Ưa sáng tạo,Chưa biết gì,Giao Tiếp Hiệu Quả
Học AI ứng dụng,Giáo dục,Thích thực hành,Biết cơ bản,"ChatGPT, Midjourney và AI"
Học AI ứng dụng,Kinh doanh,Thích thực hành,Ứng dụng thành thạo,"ChatGPT, Midjourney và AI"
Cải thiện giao tiếp,Công nghệ,Ưa sáng tạo,Chưa biết gì,Giao Tiếp Hiệu Quả
Kể chuyện lôi cuốn,Kinh doanh,Ưa sáng tạo,Chưa biết gì,Nghệ Thuật Kể Chuyện
Nâng cao đàm phán,Công nghệ,Thích lý thuyết,Biết cơ bản,Bí Mật Đàm Phán
Nâng cao đàm phán,Marketing,Thích kể chuyện,Biết cơ bản,Bí Mật Đàm Phán
Cải thiện giao tiếp,Công nghệ,Thích lý thuyết,Chưa biết gì,Giao Tiếp Hiệu Quả
Tăng sự tự tin nói chuyện,Nghệ thuật,Thích lý thuyết,Ứng dụng thành thạo,Giọng Nói Truyền Cảm
Tăng sự tự tin nói chuyện,Công nghệ,Thích kể chuyện,Biết cơ bản,Giọng Nói Truyền Cảm
Kể chuyện lôi cuốn,Marketing,Thích kể chuyện,Biết cơ bản,Nghệ Thuật Kể Chuyện
Học AI ứng dụng,Công nghệ,Thích lý thuyết,Chưa biết gì,"ChatGPT, Midjourney và AI"
Cải thiện giao tiếp,Giáo dục,Thích lý thuyết,Ứng dụng thành thạo,Giao Tiếp Hiệu Quả
Học AI ứng dụng,Công nghệ,Thích thực hành,Biết cơ bản,"ChatGPT, Midjourney và AI"
Học AI ứng dụng,Kinh doanh,Ưa sáng tạo,Biết cơ bản,"ChatGPT, Midjourney và AI"
Cải thiện giao tiếp,Kinh doanh,Phân tích logic,Biết cơ bản,Giao Tiếp Hiệu Quả
Nâng cao đàm phán,Công nghệ,Thích kể chuyện,Ứng dụng thành thạo,Bí Mật Đàm Phán
Cải thiện giao tiếp,Giáo dục,Phân tích logic,Ứng dụng thành thạo,Giao Tiếp Hiệu Quả
Cải thiện giao tiếp,Công nghệ,Thích kể chuyện,Chưa biết gì,Giao Tiếp Hiệu Quả
Tăng sự tự tin nói chuyện,Kinh doanh,Thích lý thuyết,Biết cơ bản,Giọng Nói Truyền Cảm
Tăng sự tự tin nói chuyện,Nghệ thuật,Ưa sáng tạo,Biết cơ bản,Giọng Nói Truyền Cảm
Học AI ứng dụng,Kinh doanh,Ưa sáng tạo,Chưa biết gì,"ChatGPT, Midjourney và AI"
Học AI ứng dụng,Kinh doanh,Thích thực hành,Chưa biết gì,"ChatGPT, Midjourney và AI"
Kể chuyện lôi cuốn,Kinh doanh,Ưa sáng tạo,Biết cơ bản,Nghệ Thuật Kể Chuyện
Cải thiện giao tiếp,Giáo dục,Thích kể chuyện,Ứng dụng thành thạo,Giao Tiếp Hiệu Quả
Tăng sự tự tin nói chuyện,Giáo dục,Thích lý thuyết,Ứng dụng thành thạo,Giọng Nói Truyền Cảm
Học AI ứng dụng,Giáo dục,Thích kể chuyện,Biết cơ bản,"ChatGPT, Midjourney và AI"
Học AI ứng dụng,Kinh doanh,Thích kể chuyện,Ứng dụng thành thạo,"ChatGPT, Midjourney và AI"
Tăng sự tự tin nói chuyện,Nghệ thuật,Ưa sáng tạo,Biết cơ bản,Giọng Nói Truyền Cảm
Nâng cao đàm phán,Kinh doanh,Phân tích logic,Chưa biết gì,Bí Mật Đàm Phán
Học AI ứng dụng,Nghệ thuật,Thích thực hành,Chưa biết gì,"ChatGPT, Midjourney và AI"
Tăng sự tự tin nói chuyện,Công nghệ,Thích thực hành,Ứng dụng thành thạo,Giọng Nói Truyền Cảm
Nâng cao đàm phán,Nghệ thuật,Thích thực hành,Ứng dụng thành thạo,Bí Mật Đàm Phán
Cải thiện giao tiếp,Giáo dục,Thích lý thuyết,Chưa biết gì,Giao Tiếp Hiệu Quả
Học AI ứng dụng,Nghệ thuật,Thích thực hành,Ứng dụng thành thạo,"ChatGPT, Midjourney và AI"
Cải thiện giao tiếp,Công nghệ,Thích lý thuyết,Biết cơ bản,Giao Tiếp Hiệu Quả
Tăng sự tự tin nói chuyện,Nghệ thuật,Thích lý thuyết,Ứng dụng thành thạo,Giọng Nói Truyền Cảm
Cải thiện giao tiếp,Giáo dục,Thích kể chuyện,Biết cơ bản,Giao Tiếp Hiệu Quả
Cải thiện giao tiếp,Marketing,Phân tích logic,Biết cơ bản,Giao Tiếp Hiệu Quả
Tăng sự tự tin nói chuyện,Marketing,Thích kể chuyện,Biết cơ bản,Giọng Nói Truyền Cảm
Nâng cao đàm phán,Giáo dục,Thích thực hành,Ứng dụng thành thạo,Bí Mật Đàm Phán
Kể chuyện lôi cuốn,Nghệ thuật,Ưa sáng tạo,Chưa biết gì,Nghệ Thuật Kể Chuyện
Nâng cao đàm phán,Kinh doanh,Ưa sáng tạo,Chưa biết gì,Bí Mật Đàm Phán
Cải thiện giao tiếp,Giáo dục,Thích kể chuyện,Ứng dụng thành thạo,Giao Tiếp Hiệu Quả
Học AI ứng dụng,Công nghệ,Phân tích logic,Chưa biết gì,"ChatGPT, Midjourney và AI"
Cải thiện giao tiếp,Công nghệ,Thích kể chuyện,Ứng dụng thành thạo,Giao Tiếp Hiệu Quả
Cải thiện giao tiếp,Công nghệ,Thích thực hành,Chưa biết gì,Giao Tiếp Hiệu Quả
Học AI ứng dụng,Marketing,Thích kể chuyện,Ứng dụng thành thạo,"ChatGPT, Midjourney và AI"
Nâng cao đàm phán,Kinh doanh,Thích kể chuyện,Ứng dụng thành thạo,Bí Mật Đàm Phán
